soft_penalty_weight,runs,final_fitness_mean,final_fitness_std,best_gene_count_mean,soft_penalty_count_mean,population_avg_mean,elapsed_mean_s
0.0,5,0.8031317332170369,0.010093624016363163,120,20.6,0.7958656611757398,3.7149445399874823
0.05,5,0.8031317332170369,0.010093624016363163,120,20.6,0.7958656611757398,3.630168640008196
0.1,5,0.8031317332170369,0.010093624016363163,120,20.6,0.7958656611757398,3.5622824399964883
0.2,5,0.8031317332170369,0.010093624016363163,120,20.6,0.7958656611757398,3.3508253799984233
0.5,5,0.8031317332170369,0.010093624016363163,120,20.6,0.7958656611757398,3.3000943600083703
