soft_penalty_weight,final_fitness,best_gene_count,soft_penalty_count,population_avg,population_std,elapsed_s
0.0,0.809342682842495,120,14,0.7967690928719158,0.0008026344514773284,3.0998446000157855
0.05,0.809342682842495,120,14,0.7967690928719158,0.0008026344514773284,2.78774949995568
0.1,0.809342682842495,120,14,0.7967690928719158,0.0008026344514773284,2.806239400000777
0.2,0.809342682842495,120,14,0.7967690928719158,0.0008026344514773284,2.7441114999819547
0.5,0.809342682842495,120,14,0.7967690928719158,0.0008026344514773284,2.756427399988752
